plant_id;date;energy_mwh_day;avg_availability_pct;curtailment_hours;hours_count;ghi_kwh_m2;temp_c;rain_mm;source;capacity_mwp;pr_approx;is_complete_day;pr_clean;alarms_count;critical_count;downtime_hours;loss_kwh;loss_mwh;top_alarm_type;top_alarm_loss_mwh;wo_opened;wo_closed;wo_avg_lead_hours;wo_sla_breach_rate;wo_cost_brl
UFV-001;2025-10-01;55,867;75,81;0;24;4,71;28,3;2,3;ThirdPartyWX;12,5;0,9489087048832271;True;0,9489087048832271;1,0;0,0;0,0;1725,0;1,725;STR_LOW;1,725;0,0;0,0;;;0,0
UFV-001;2025-10-03;49,563;83,14874999999999;1;24;5,38;24,6;0,9;INMET;12,5;0,7369962825278811;True;0,7369962825278811;1,0;1,0;0,0;89,0;0,089;GRID_EVT;0,089;1,0;1,0;4,0;0,0;477,3981065820008
UFV-001;2025-10-04;48,010999999999996;87,4325;0;24;4,25;30,5;4,2;ThirdPartyWX;12,5;0,9037364705882353;True;0,9037364705882353;1,0;0,0;0,0;2537,0;2,537;TRACK_ERR;2,537;1,0;1,0;2,0;0,0;3869,66
UFV-001;2025-10-05;55,871;87,13541666666667;0;24;3,66;28,9;2,6;MeteoLocal;12,5;1,221224043715847;True;1,221224043715847;0,0;0,0;0,0;0,0;0,0;;;0,0;1,0;74,0;1,0;2738,6689746154657
UFV-001;2025-10-06;61,324;83,36375;2;24;4,76;28,9;4,9;ThirdPartyWX;12,5;1,030655462184874;True;1,030655462184874;1,0;0,0;5,466666666666667;1931,0;1,931;GRID_EVT;1,931;1,0;0,0;;;0,0
UFV-001;2025-10-07;65,881;87,63041666666668;1;24;5,42;29,4;10,9;INMET;12,5;0,9724132841328413;True;0,9724132841328413;0,0;0,0;0,0;0,0;0,0;;;0,0;0,0;;;0,0
UFV-001;2025-10-10;56,582;83,435;0;24;4,01;24,3;8,6;MeteoLocal;12,5;1,1288179551122195;True;1,1288179551122195;2,0;0,0;5,483333333333333;3005,0;3,005;TEMP_HIGH;2,617;0,0;0,0;;;0,0
UFV-001;2025-10-11;40,489;72,11833333333333;0;24;5,31;26,5;9,6;ThirdPartyWX;12,5;0,6100037664783428;True;0,6100037664783428;1,0;0,0;0,0;4365,0;4,365;SOIL_HIGH;4,365;1,0;0,0;;;0,0
UFV-001;2025-10-12;55,832;72,095;0;24;6,84;17,5;0,0;ThirdPartyWX;12,5;0,6530058479532164;True;0,6530058479532164;1,0;0,0;0,7;509,0;0,509;COMM_LOSS;0,509;1,0;0,0;;;0,0
UFV-001;2025-10-13;69,812;87,25291666666668;1;24;4,9;27,5;1,9;MeteoLocal;12,5;1,1397877551020406;True;1,1397877551020406;0,0;0,0;0,0;0,0;0,0;;;0,0;1,0;50,0;1,0;4660,50281584964
UFV-001;2025-10-15;62,363;94,41875;0;24;7,51;29,8;0,9;INMET;12,5;0,6643195739014647;True;0,6643195739014647;1,0;0,0;5,216666666666667;2594,0;2,594;INV_OFFLINE;2,594;0,0;0,0;;;0,0
UFV-001;2025-10-18;36,19;76,35666666666667;0;24;4,72;31,5;2,7;ThirdPartyWX;12,5;0,6133898305084745;True;0,6133898305084745;2,0;0,0;4,55;2159,0;2,159;STR_LOW;2,159;0,0;1,0;34,0;1,0;2730,10901782308
UFV-001;2025-10-20;52,894999999999996;64,86166666666666;0;24;4,63;34,7;4,0;MeteoLocal;12,5;0,9139524838012958;True;0,9139524838012958;1,0;0,0;3,933333333333333;1190,0;1,19;SOIL_HIGH;1,19;1,0;1,0;6,0;0,0;3043,5167851225947
UFV-001;2025-10-22;39,194;86,89916666666666;1;24;6,79;28,8;0,0;INMET;12,5;0,4617849779086893;True;0,4617849779086893;0,0;0,0;0,0;0,0;0,0;;;0,0;0,0;;;0,0
UFV-001;2025-10-23;64,156;73,16416666666667;0;24;4,91;31,1;0,0;MeteoLocal;12,5;1,0453116089613035;True;1,0453116089613035;0,0;0,0;0,0;0,0;0,0;;;0,0;0,0;;;0,0
UFV-001;2025-10-29;37,89;72,55291666666666;0;24;6,87;32,5;3,9;MeteoLocal;12,5;0,4412227074235808;True;0,4412227074235808;1,0;0,0;4,983333333333333;1096,0;1,096;SOIL_HIGH;1,096;0,0;1,0;129,0;1,0;1613,999020488034
UFV-001;2025-11-01;65,04899999999999;83,05916666666667;0;24;4,59;29,7;0,0;MeteoLocal;12,5;1,133751633986928;True;1,133751633986928;1,0;1,0;0,0;141,1;0,1411;TEMP_HIGH;0,1411;0,0;0,0;;;0,0
UFV-001;2025-11-05;49,798;68,96958333333333;0;24;4,52;20,3;0,0;INMET;12,5;0,8813805309734515;True;0,8813805309734515;1,0;0,0;0,75;886,0;0,886;STR_LOW;0,886;1,0;0,0;;;0,0
UFV-001;2025-11-06;61,137;86,55333333333334;2;24;7,36;21,0;2,4;ThirdPartyWX;12,5;0,6645326086956522;True;0,6645326086956522;0,0;0,0;0,0;0,0;0,0;;;0,0;1,0;25,0;0,0;5948,360196971784
UFV-001;2025-11-11;50,451159;90,35416666666667;1;24;;27,0;0,0;INMET;12,5;;True;;1,0;0,0;7,033333333333333;2588,0;2,588;TEMP_HIGH;2,588;1,0;1,0;52,0;0,0;3078,256389930787
UFV-001;2025-11-12;61,199;79,67208333333333;1;24;5,04;35,9;1,3;MeteoLocal;12,5;0,9714126984126984;True;0,9714126984126984;1,0;0,0;2,3;106,0;0,106;GRID_EVT;0,106;1,0;0,0;;;0,0
UFV-001;2025-11-13;60,573;79,82041666666667;0;24;5,4;35,0;5,9;INMET;12,5;0,8973777777777778;True;0,8973777777777778;4,0;0,0;2,6666666666666665;6539,0;6,539;TRACK_ERR;3,156;0,0;0,0;;;0,0
UFV-001;2025-11-16;57,259;79,71291666666667;0;24;5,21;32,1;9,8;INMET;12,5;0,8792168905950096;True;0,8792168905950096;1,0;0,0;0,0;3210,0;3,21;GRID_EVT;3,21;0,0;1,0;55,0;1,0;4109,049070111816
UFV-001;2025-11-18;62,805;97,56916666666666;0;24;5,8;26,4;2,1;INMET;12,5;0,8662758620689656;True;0,8662758620689656;2,0;0,0;0,0;4667,0;4,667;COMM_LOSS;4,263;0,0;2,0;113,5;1,0;12464,986508846512
UFV-001;2025-11-20;49,380305;87,23708333333333;0;24;3,37;24,8;2,8;INMET;12,5;1,1722327596439168;True;1,1722327596439168;1,0;0,0;1,1666666666666667;1391,0;1,391;GRID_EVT;1,391;0,0;0,0;;;0,0
UFV-001;2025-11-21;65,056;90,59541666666667;1;24;6,35;36,0;4,4;ThirdPartyWX;12,5;0,8196031496062992;True;0,8196031496062992;2,0;0,0;3,5833333333333335;4717,0;4,717;GRID_EVT;2,956;0,0;0,0;;;0,0
UFV-001;2025-11-23;70,847;76,10875;0;24;6,26;26,3;0,0;ThirdPartyWX;12,5;0,9053929712460063;True;0,9053929712460063;1,0;0,0;0,6833333333333333;0,0;0,0;;;0,0;0,0;;;0,0
UFV-001;2025-11-24;45,214351;87,24624999999999;0;24;3,42;29,3;4,0;INMET;12,5;1,0576456374269005;True;1,0576456374269005;1,0;1,0;0,0;128,1;0,1281;GRID_EVT;0,1281;0,0;0,0;;;0,0
UFV-001;2025-11-30;76,024;90,91583333333334;0;24;4,99;23,1;6,4;ThirdPartyWX;12,5;1,218821643286573;True;1,218821643286573;1,0;0,0;5,833333333333333;2612,0;2,612;SOIL_HIGH;2,612;2,0;1,0;5,0;0,0;1534,8974783854194
UFV-001;2025-12-04;70,627;86,55250000000001;1;24;2,67;22,1;0,0;MeteoLocal;12,5;2,1161647940074904;True;;0,0;0,0;0,0;0,0;0,0;;;1,0;0,0;;;0,0
UFV-001;2025-12-05;71,427;72,32791666666667;0;24;3,04;34,1;0,3;ThirdPartyWX;12,5;1,8796578947368423;True;;1,0;0,0;1,6666666666666667;0,0;0,0;;;1,0;0,0;;;0,0
UFV-001;2025-12-07;79,684;83,09041666666667;0;24;6,61;29,8;1,4;ThirdPartyWX;12,5;0,9644054462934947;True;0,9644054462934947;0,0;0,0;0,0;0,0;0,0;;;0,0;1,0;32,0;0,0;3804,983294962732
UFV-001;2025-12-08;80,537;83,125;1;24;4,6;21,1;3,0;MeteoLocal;12,5;1,4006434782608699;True;;0,0;0,0;0,0;0,0;0,0;;;0,0;0,0;;;0,0
UFV-001;2025-12-09;73,613;79,67875;0;24;5,66;37,0;0,9;INMET;12,5;1,0404664310954064;True;1,0404664310954064;2,0;0,0;13,2;4650,0;4,65;SOIL_HIGH;4,65;1,0;0,0;;;0,0
UFV-001;2025-12-10;47,495;87,24624999999999;0;24;5,11;28,2;0,0;ThirdPartyWX;12,5;0,7435616438356163;True;0,7435616438356163;2,0;0,0;5,516666666666667;3092,0;3,092;INV_OFFLINE;1,584;0,0;0,0;;;0,0
UFV-001;2025-12-11;76,348;71,64083333333333;1;24;;27,2;0,0;MeteoLocal;12,5;;True;;1,0;0,0;1,9166666666666667;1565,0;1,565;INV_OFFLINE;1,565;0,0;0,0;;;0,0
UFV-001;2025-12-12;56,253;83,49791666666667;1;24;5,07;40,0;0,1;MeteoLocal;12,5;0,887621301775148;True;0,887621301775148;0,0;0,0;0,0;0,0;0,0;;;0,0;0,0;;;0,0
UFV-001;2025-12-13;57,48;83,40333333333334;0;24;4,76;29,6;0,0;INMET;12,5;0,9660504201680672;True;0,9660504201680672;2,0;1,0;0,31666666666666665;5214,0;5,214;TEMP_HIGH;5,214;2,0;1,0;6,0;0,0;3518,395418450897
UFV-001;2025-12-15;59,969;72,32958333333333;0;24;7,49;28,8;;MeteoLocal;12,5;0,6405233644859814;True;0,6405233644859814;0,0;0,0;0,0;0,0;0,0;;;2,0;2,0;6,5;0,0;10575,569989010171
UFV-001;2025-12-16;59,083;83,18791666666667;0;24;5,66;27,7;3,5;MeteoLocal;12,5;0,835095406360424;True;0,835095406360424;2,0;1,0;2,25;5203,0;5,203;TEMP_HIGH;3,081;1,0;0,0;;;0,0
UFV-001;2025-12-18;56,453;83,31;0;24;4,92;28,8;4,6;INMET;12,5;0,9179349593495936;True;0,9179349593495936;1,0;1,0;2,2333333333333334;0,0;0,0;;;0,0;0,0;;;0,0
UFV-001;2025-12-19;67,979;86,97541666666666;0;24;4,89;26,8;;MeteoLocal;12,5;1,1121308793456033;True;1,1121308793456033;1,0;0,0;0,0;975,0;0,975;GRID_EVT;0,975;1,0;0,0;;;0,0
UFV-001;2025-12-20;75,548;80,02958333333333;0;24;5,8;38,7;0,0;MeteoLocal;12,5;1,042041379310345;True;1,042041379310345;3,0;0,0;6,483333333333333;8788,0;8,788;COMM_LOSS;3,766;0,0;0,0;;;0,0
UFV-001;2025-12-23;78,482;86,74208333333333;0;24;5,79;20,8;0,0;MeteoLocal;12,5;1,0843799654576856;True;1,0843799654576856;1,0;0,0;14,716666666666667;4371,0;4,371;TRACK_ERR;4,371;1,0;1,0;175,0;1,0;2586,2114016202463
UFV-001;2025-12-24;63,928000000000004;94,75375000000001;1;24;7,64;36,8;0,1;MeteoLocal;12,5;0,6694031413612566;True;0,6694031413612566;2,0;0,0;13,383333333333333;2619,0;2,619;INV_OFFLINE;2,277;1,0;0,0;;;0,0
UFV-001;2025-12-25;76,749;97,17833333333334;0;24;6,0;25,0;0,0;MeteoLocal;12,5;1,02332;True;1,02332;0,0;0,0;0,0;0,0;0,0;;;0,0;1,0;52,0;0,0;0,0
UFV-001;2025-12-28;70,167;87,00166666666667;0;24;;29,9;3,0;MeteoLocal;12,5;;True;;0,0;0,0;0,0;0,0;0,0;;;1,0;0,0;;;0,0
UFV-001;2025-12-29;59,287;83,74125;1;24;4,85;40,0;1,4;INMET;12,5;0,9779298969072165;True;0,9779298969072165;2,0;0,0;3,6166666666666667;4543,0;4,543;TEMP_HIGH;2,764;1,0;1,0;177,0;1,0;8833,528473394726
UFV-002;2025-10-01;62,62458;57,242916666666666;0;24;5,42;32,0;0,0;INMET;18,0;0,6419083640836408;True;0,6419083640836408;0,0;0,0;0,0;0,0;0,0;;;0,0;0,0;;;0,0
UFV-002;2025-10-02;96,648;83,71166666666666;0;24;4,14;25,9;0,0;INMET;18,0;1,2969404186795492;True;;2,0;0,0;3,966666666666667;2894,0;2,894;INV_OFFLINE;2,894;0,0;0,0;;;0,0
UFV-002;2025-10-03;87,209;83,36083333333333;0;24;5,23;30,1;0,0;MeteoLocal;18,0;0,9263756107924367;True;0,9263756107924367;1,0;0,0;6,466666666666667;371,0;0,371;TEMP_HIGH;0,371;1,0;0,0;;;0,0
UFV-002;2025-10-06;96,562;72,17125;0;24;5,58;31,6;1,2;MeteoLocal;18,0;0,9613898845081641;True;0,9613898845081641;0,0;0,0;0,0;0,0;0,0;;;1,0;1,0;10,0;0,0;8000,933407621441
UFV-002;2025-10-07;79,24;79,94500000000001;0;24;5,26;25,8;8,1;MeteoLocal;18,0;0,8369243768483312;True;0,8369243768483312;0,0;0,0;0,0;0,0;0,0;;;1,0;1,0;3,0;0,0;7502,42
UFV-002;2025-10-11;75,953174;80,02208333333333;1;24;6,14;33,3;0,0;INMET;18,0;0,6872346543612017;True;0,6872346543612017;1,0;0,0;11,2;3148,0;3,148;TRACK_ERR;3,148;0,0;0,0;;;0,0
UFV-002;2025-10-12;87,03;76,11333333333333;0;24;5,68;28,3;0,0;ThirdPartyWX;18,0;0,8512323943661972;True;0,8512323943661972;0,0;0,0;0,0;0,0;0,0;;;0,0;0,0;;;0,0
UFV-002;2025-10-14;90,196;75,9075;1;24;;40,0;0,0;INMET;18,0;;True;;0,0;0,0;0,0;0,0;0,0;;;0,0;0,0;;;0,0
UFV-002;2025-10-15;82,385;83,27416666666666;0;24;3,53;26,4;4,1;ThirdPartyWX;18,0;1,296584828454517;True;;1,0;0,0;6,083333333333333;2273,0;2,273;GRID_EVT;2,273;0,0;0,0;;;0,0
UFV-002;2025-10-17;65,13300000000001;65,14333333333333;0;24;5,51;28,0;0,0;ThirdPartyWX;18,0;0,6567150635208713;True;0,6567150635208713;0,0;0,0;0,0;0,0;0,0;;;0,0;1,0;81,0;0,0;3634,436199393902
UFV-002;2025-10-18;96,225525;76,06958333333334;0;24;4,8;30,6;0,0;MeteoLocal;18,0;1,1137213541666668;True;1,1137213541666668;0,0;0,0;0,0;0,0;0,0;;;0,0;0,0;;;0,0
UFV-002;2025-10-19;67,308;90,6825;0;24;4,21;24,5;7,5;INMET;18,0;0,8882026920031671;True;0,8882026920031671;1,0;0,0;10,733333333333333;2730,0;2,73;COMM_LOSS;2,73;0,0;0,0;;;0,0
UFV-002;2025-10-20;78,22;79,38;0;24;4,71;23,8;6,0;INMET;18,0;0,922623260202878;True;0,922623260202878;1,0;0,0;1,1333333333333333;1330,0;1,33;SOIL_HIGH;1,33;1,0;0,0;;;0,0
UFV-002;2025-10-22;60,584;68,82333333333334;1;24;5,4;28,5;3,9;INMET;18,0;0,6232921810699589;True;0,6232921810699589;0,0;0,0;0,0;0,0;0,0;;;3,0;1,0;3,0;0,0;3615,825008117909
UFV-002;2025-10-23;74,005;87,16166666666668;0;24;4,74;26,7;1,5;INMET;18,0;0,8673816221284575;True;0,8673816221284575;1,0;0,0;5,35;1208,0;1,208;TRACK_ERR;1,208;0,0;0,0;;;0,0
UFV-002;2025-10-26;80,679377;72,1575;0;24;4,02;22,3;3,1;ThirdPartyWX;18,0;1,1149720425649532;True;1,1149720425649532;1,0;0,0;0,0;1635,0;1,635;INV_OFFLINE;1,635;1,0;0,0;;;0,0
UFV-002;2025-10-29;99,80199999999999;86,68708333333332;0;24;5,53;25,5;0,0;ThirdPartyWX;18,0;1,0026321076953988;True;1,0026321076953988;3,0;0,0;17,05;6897,0;6,897;SOIL_HIGH;3,123;1,0;1,0;81,0;1,0;4164,15
UFV-002;2025-10-30;70,931036;82,81833333333334;0;24;6,5;28,3;2,6;INMET;18,0;0,606248170940171;True;0,606248170940171;3,0;1,0;4,566666666666666;7554,0;7,554;STR_LOW;2,621;0,0;0,0;;;0,0
UFV-002;2025-10-31;55,442;68,65333333333334;0;24;4,37;27,8;4,0;MeteoLocal;18,0;0,7048309178743962;True;0,7048309178743962;0,0;0,0;0,0;0,0;0,0;;;1,0;1,0;2,0;0,0;1880,4312781310025
UFV-002;2025-11-01;88,158;83,24208333333333;0;24;4,5;29,2;0,4;MeteoLocal;18,0;1,0883703703703704;True;1,0883703703703704;0,0;0,0;0,0;0,0;0,0;;;0,0;1,0;82,0;1,0;3236,181441014733
UFV-002;2025-11-04;78,633;83,58;0;24;6,98;28,4;0,0;INMET;18,0;0,6258595988538681;True;0,6258595988538681;2,0;0,0;0,0;843,0;0,843;SOIL_HIGH;0,843;0,0;0,0;;;0,0
UFV-002;2025-11-06;90,083;75,76958333333333;0;24;3,39;30,2;2,0;MeteoLocal;18,0;1,476286463454605;True;;1,0;0,0;0,0;885,0;0,885;STR_LOW;0,885;0,0;0,0;;;0,0
UFV-002;2025-11-07;89,173;90,94333333333333;0;24;;35,9;0,0;INMET;18,0;;True;;1,0;0,0;0,0;2166,0;2,166;TEMP_HIGH;2,166;1,0;0,0;;;0,0
UFV-002;2025-11-09;94,649;79,63583333333334;0;24;5,09;35,3;2,5;ThirdPartyWX;18,0;1,033060467146911;True;1,033060467146911;0,0;0,0;0,0;0,0;0,0;;;1,0;0,0;;;0,0
UFV-002;2025-11-10;84,752;94,56166666666667;1;24;3,75;30,5;0,0;MeteoLocal;18,0;1,2555851851851851;True;;2,0;0,0;0,0;3338,0;3,338;GRID_EVT;1,682;0,0;0,0;;;0,0
UFV-002;2025-11-12;92,888;83,73875;0;24;5,14;34,8;5,1;ThirdPartyWX;18,0;1,0039775183744057;True;1,0039775183744057;2,0;0,0;0,0;1966,0;1,966;STR_LOW;1,333;0,0;0,0;;;0,0
UFV-002;2025-11-13;76,638062;79,96083333333333;0;24;6,31;25,4;0,1;ThirdPartyWX;18,0;0,6747496214122205;True;0,6747496214122205;1,0;0,0;0,43333333333333335;2513,0;2,513;INV_OFFLINE;2,513;1,0;0,0;;;0,0
UFV-002;2025-11-14;96,021;83,11125;0;24;5,5;33,2;0,3;ThirdPartyWX;18,0;0,9699090909090909;True;0,9699090909090909;0,0;0,0;0,0;0,0;0,0;;;2,0;0,0;;;0,0
UFV-002;2025-11-17;100,602;94,26333333333334;1;24;6,59;23,3;;ThirdPartyWX;18,0;0,848103186646434;True;0,848103186646434;0,0;0,0;0,0;0,0;0,0;;;1,0;0,0;;;0,0
UFV-002;2025-11-18;89,565;68,63583333333334;0;24;4,31;30,0;1,1;INMET;18,0;1,1544856921887083;True;1,1544856921887083;1,0;0,0;0,0;35,1;0,0351;COMM_LOSS;0,0351;0,0;0,0;;;0,0
UFV-002;2025-11-20;88,522;83,19458333333334;0;24;3,92;22,1;1,1;INMET;18,0;1,254563492063492;True;;1,0;1,0;8,483333333333333;2286,0;2,286;SOIL_HIGH;2,286;3,0;1,0;7,0;0,0;6114,311471991978
UFV-002;2025-11-21;79,824;79,77624999999999;0;24;3,86;32,9;1,9;MeteoLocal;18,0;1,1488773747841103;True;1,1488773747841103;0,0;0,0;0,0;0,0;0,0;;;1,0;2,0;16,5;0,5;8493,533099123102
UFV-002;2025-11-24;72,572;79,88333333333334;0;24;4,94;17,8;2,4;ThirdPartyWX;18,0;0,8161493477282951;True;0,8161493477282951;1,0;0,0;0,0;2038,0;2,038;GRID_EVT;2,038;2,0;1,0;8,0;0,0;1367,457904511567
UFV-002;2025-11-25;93,16;76,14291666666666;0;24;5,1;26,5;0,0;INMET;18,0;1,0148148148148148;True;1,0148148148148148;1,0;0,0;11,85;2344,0;2,344;TEMP_HIGH;2,344;2,0;1,0;74,0;1,0;1410,314722547228
UFV-002;2025-11-26;81,787;80,09666666666666;0;24;6,82;34,4;4,0;INMET;18,0;0,6662349299446074;True;0,6662349299446074;0,0;0,0;0,0;0,0;0,0;;;2,0;0,0;;;0,0
UFV-002;2025-12-01;100,695953;76,03375;0;24;5,05;33,6;0,3;MeteoLocal;18,0;1,1077662596259628;True;1,1077662596259628;0,0;0,0;0,0;0,0;0,0;;;1,0;0,0;;;0,0
UFV-002;2025-12-02;112,99799999999999;82,67;1;24;5,25;27,7;0,6;ThirdPartyWX;18,0;1,1957460317460316;True;1,1957460317460316;3,0;1,0;7,55;5294,0;5,294;TRACK_ERR;3,401;1,0;1,0;197,0;1,0;3968,8515071736174
UFV-002;2025-12-04;93,004035;90,58083333333333;0;24;4,86;34,2;7,0;MeteoLocal;18,0;1,0631462620027434;True;1,0631462620027434;0,0;0,0;0,0;0,0;0,0;;;4,0;0,0;;;0,0
UFV-002;2025-12-05;81,067;86,61333333333334;0;24;5,58;33,5;0,0;INMET;18,0;0,8071186778176025;True;0,8071186778176025;3,0;1,0;6,0;4113,0;4,113;STR_LOW;3,736;1,0;1,0;512,0;1,0;2858,963701660915
UFV-002;2025-12-06;95,51;76,27166666666666;1;24;5,05;26,0;7,9;MeteoLocal;18,0;1,050715071507151;True;1,050715071507151;1,0;0,0;0,0;1770,0;1,77;TRACK_ERR;1,77;0,0;1,0;101,0;1,0;10428,068180421264
UFV-002;2025-12-07;91,826;75,79875;2;24;5,3;35,7;0,0;ThirdPartyWX;18,0;0,9625366876310273;True;0,9625366876310273;1,0;1,0;3,4;348,0;0,348;TEMP_HIGH;0,348;0,0;2,0;79,0;1,0;0,0
UFV-002;2025-12-08;97,726;83,855;1;24;3,92;27,1;;ThirdPartyWX;18,0;1,3850056689342403;True;;0,0;0,0;0,0;0,0;0,0;;;1,0;2,0;40,0;0,5;12239,278140739569
UFV-002;2025-12-09;80,266;79,65625;0;24;6,73;30,0;6,4;ThirdPartyWX;18,0;0,6625887403004788;True;0,6625887403004788;1,0;0,0;2,533333333333333;643,0;0,643;TEMP_HIGH;0,643;0,0;0,0;;;0,0
UFV-002;2025-12-10;101,046;61,23374999999999;1;24;4,4;33,0;4,6;ThirdPartyWX;18,0;1,2758333333333334;True;;0,0;0,0;0,0;0,0;0,0;;;0,0;0,0;;;0,0
UFV-002;2025-12-16;79,883;86,87416666666667;0;24;5,35;30,4;1,0;MeteoLocal;18,0;0,8295223260643821;True;0,8295223260643821;1,0;0,0;8,533333333333333;1095,0;1,095;TEMP_HIGH;1,095;0,0;0,0;;;0,0
UFV-002;2025-12-19;108,364;68,63333333333334;0;24;6,69;26,9;0,0;INMET;18,0;0,8998837402424846;True;0,8998837402424846;0,0;0,0;0,0;0,0;0,0;;;2,0;1,0;10,0;0,0;0,0
UFV-002;2025-12-20;84,166;76,02791666666667;0;24;5,92;28,6;0,0;ThirdPartyWX;18,0;0,789846096096096;True;0,789846096096096;0,0;0,0;0,0;0,0;0,0;;;0,0;0,0;;;0,0
UFV-002;2025-12-21;89,311;98,11916666666667;1;24;5,78;35,5;0,2;MeteoLocal;18,0;0,8584294502114571;True;0,8584294502114571;0,0;0,0;0,0;0,0;0,0;;;0,0;1,0;178,0;1,0;1893,303118539932
UFV-002;2025-12-22;83,632;90,7;0;24;7,89;26,3;11,9;INMET;18,0;0,5888748063653008;True;0,5888748063653008;0,0;0,0;0,0;0,0;0,0;;;0,0;0,0;;;0,0
UFV-002;2025-12-23;85,016;83,51875;0;24;7,64;26,8;3,0;INMET;18,0;0,6182082606166377;True;0,6182082606166377;2,0;0,0;4,883333333333334;1701,0;1,701;COMM_LOSS;1,189;1,0;0,0;;;0,0
UFV-002;2025-12-28;101,284;72,4675;0;24;5,03;25,2;2,4;ThirdPartyWX;18,0;1,1186657830793019;True;1,1186657830793019;2,0;0,0;4,366666666666666;3967,0;3,967;TRACK_ERR;3,18;0,0;0,0;;;0,0
UFV-003;2025-10-01;55,463371;83,46208333333333;0;24;5,45;27,1;4,0;ThirdPartyWX;25,0;0,4070706128440367;True;0,4070706128440367;1,0;0,0;0,0;254,1;0,2541;INV_OFFLINE;0,2541;0,0;0,0;;;0,0
UFV-003;2025-10-02;96,967;87,11500000000001;0;24;6,7;27,7;3,9;MeteoLocal;25,0;0,5789074626865671;True;0,5789074626865671;2,0;1,0;0,0;309,0;0,309;TRACK_ERR;0,309;1,0;0,0;;;0,0
UFV-003;2025-10-06;126,542;61,3675;0;24;5,62;21,8;0,0;INMET;25,0;0,9006548042704626;True;0,9006548042704626;1,0;0,0;0,0;2552,0;2,552;STR_LOW;2,552;0,0;0,0;;;0,0
UFV-003;2025-10-07;128,146048;80,00458333333333;0;24;5,37;20,8;0,4;ThirdPartyWX;25,0;0,9545329459962757;True;0,9545329459962757;0,0;0,0;0,0;0,0;0,0;;;0,0;1,0;53,0;1,0;5808,414278977125
UFV-003;2025-10-08;136,958943;83,00083333333333;0;24;8,0;23,7;5,1;INMET;25,0;0,684794715;True;0,684794715;0,0;0,0;0,0;0,0;0,0;;;0,0;2,0;78,0;1,0;6666,910523038312
UFV-003;2025-10-11;139,44;83,36749999999999;1;24;4,21;23,9;0,8;ThirdPartyWX;25,0;1,3248456057007125;True;;0,0;0,0;0,0;0,0;0,0;;;1,0;0,0;;;0,0
UFV-003;2025-10-13;118,747;83,47500000000001;0;24;;26,5;0,0;MeteoLocal;25,0;;True;;1,0;0,0;25,266666666666666;1290,0;1,29;TEMP_HIGH;1,29;1,0;0,0;;;0,0
UFV-003;2025-10-14;120,024386;72,59875;0;24;4,98;25,3;1,5;INMET;25,0;0,9640512931726907;True;0,9640512931726907;0,0;0,0;0,0;0,0;0,0;;;2,0;0,0;;;0,0
UFV-003;2025-10-15;126,578;83,5725;0;24;5,0;27,9;9,2;INMET;25,0;1,012624;True;1,012624;2,0;0,0;0,0;3540,0;3,54;INV_OFFLINE;3,04;1,0;3,0;29,0;0,0;13004,672205917843
UFV-003;2025-10-16;109,742;83,22;0;24;4,76;26,6;0,0;ThirdPartyWX;25,0;0,9222016806722689;True;0,9222016806722689;0,0;0,0;0,0;0,0;0,0;;;1,0;1,0;53,0;1,0;1757,605554712299
UFV-003;2025-10-17;126,97500000000001;72,56;1;24;2,03;26,8;1,7;MeteoLocal;25,0;2,5019704433497543;True;;1,0;0,0;3,783333333333333;2455,0;2,455;GRID_EVT;2,455;4,0;1,0;174,0;1,0;2211,3284126067883
UFV-003;2025-10-18;114,748;75,94458333333334;0;24;3,76;25,5;0,0;MeteoLocal;25,0;1,2207234042553192;True;1,2207234042553192;0,0;0,0;0,0;0,0;0,0;;;2,0;1,0;25,0;0,0;836,0926313723912
UFV-003;2025-10-22;136,972;83,14874999999999;0;24;5,58;28,6;2,3;ThirdPartyWX;25,0;0,981878136200717;True;0,981878136200717;0,0;0,0;0,0;0,0;0,0;;;2,0;0,0;;;0,0
UFV-003;2025-10-23;149,185;90,70333333333333;1;24;5,86;24,7;0,0;ThirdPartyWX;25,0;1,0183276450511947;True;1,0183276450511947;2,0;0,0;0,25;4091,0;4,091;TRACK_ERR;2,814;0,0;0,0;;;0,0
UFV-003;2025-10-25;100,763;83,4375;0;24;5,96;28,7;1,4;MeteoLocal;25,0;0,676261744966443;True;0,676261744966443;0,0;0,0;0,0;0,0;0,0;;;2,0;1,0;80,0;1,0;2696,0181495644847
UFV-003;2025-10-29;103,335;75,975;1;24;5,75;25,7;0,0;MeteoLocal;25,0;0,7188521739130435;True;0,7188521739130435;0,0;0,0;0,0;0,0;0,0;;;1,0;0,0;;;0,0
UFV-003;2025-10-30;121,73;87,72625;1;24;8,0;23,6;2,7;ThirdPartyWX;25,0;0,60865;True;0,60865;3,0;0,0;0,0;6475,0;6,475;INV_OFFLINE;4,298;2,0;0,0;;;0,0
UFV-003;2025-10-31;109,441;76,16166666666668;0;24;6,21;27,6;8,5;ThirdPartyWX;25,0;0,7049339774557166;True;0,7049339774557166;0,0;0,0;0,0;0,0;0,0;;;5,0;2,0;65,0;0,5;1953,3741463599115
UFV-003;2025-11-01;100,958;75,7725;0;24;6,58;29,9;4,8;ThirdPartyWX;25,0;0,613726443768997;True;0,613726443768997;1,0;0,0;0,0;1773,0;1,773;GRID_EVT;1,773;2,0;1,0;48,0;0,0;4033,508201789719
UFV-003;2025-11-02;143,479;87,20875000000001;0;24;6,15;26,5;0,0;MeteoLocal;25,0;0,9331967479674798;True;0,9331967479674798;0,0;0,0;0,0;0,0;0,0;;;0,0;3,0;53,333333333333336;0,3333333333333333;3761,358902030033
UFV-003;2025-11-03;123,731;83,36166666666666;0;24;5,57;26,1;9,7;INMET;25,0;0,888552962298025;True;0,888552962298025;0,0;0,0;0,0;0,0;0,0;;;0,0;0,0;;;0,0
UFV-003;2025-11-04;89,032267;90,20208333333333;0;24;5,05;29,3;0,6;MeteoLocal;25,0;0,7052060752475248;True;0,7052060752475248;0,0;0,0;0,0;0,0;0,0;;;1,0;1,0;105,0;1,0;2152,746464441845
UFV-003;2025-11-06;95,738;76,70791666666666;0;24;5,16;28,2;3,0;MeteoLocal;25,0;0,7421550387596899;True;0,7421550387596899;0,0;0,0;0,0;0,0;0,0;;;0,0;0,0;;;0,0
UFV-003;2025-11-07;98,922688;86,73583333333333;0;24;;22,7;3,1;INMET;25,0;;True;;2,0;0,0;3,066666666666667;1758,9;1,7589000000000001;TRACK_ERR;1,466;0,0;0,0;;;0,0
UFV-003;2025-11-09;135,953;72,06041666666667;1;24;3,22;30,9;2,2;INMET;25,0;1,6888571428571428;True;;2,0;0,0;0,0;4513,0;4,513;STR_LOW;3,237;0,0;0,0;;;0,0
UFV-003;2025-11-10;89,521;90,33208333333333;0;24;6,66;36,5;1,0;INMET;25,0;0,5376636636636637;True;0,5376636636636637;1,0;0,0;0,0;1062,0;1,062;TEMP_HIGH;1,062;1,0;1,0;1,0;0,0;2502,6941784523965
UFV-003;2025-11-14;144,666;94,73333333333333;0;24;4,44;34,2;0,0;ThirdPartyWX;25,0;1,3032972972972972;True;;0,0;0,0;0,0;0,0;0,0;;;0,0;0,0;;;0,0
UFV-003;2025-11-15;147,062;90,74083333333334;0;24;6,19;22,0;6,0;MeteoLocal;25,0;0,9503198707592893;True;0,9503198707592893;3,0;0,0;3,4;5218,0;5,218;TRACK_ERR;5,218;0,0;1,0;102,0;1,0;6335,050890355798
UFV-003;2025-11-17;130,515;76,14999999999999;0;24;5,18;27,4;0,3;MeteoLocal;25,0;1,0078378378378376;True;1,0078378378378376;1,0;0,0;1,1833333333333333;2130,0;2,13;INV_OFFLINE;2,13;1,0;0,0;;;0,0
UFV-003;2025-11-18;102,721;91,10333333333334;0;24;5,01;27,8;0,0;MeteoLocal;25,0;0,820127744510978;True;0,820127744510978;2,0;1,0;1,5166666666666666;2167,0;2,167;INV_OFFLINE;1,674;0,0;0,0;;;0,0
UFV-003;2025-11-19;111,43450299999999;90,75291666666668;0;24;5,79;25,2;0,0;MeteoLocal;25,0;0,7698411260794473;True;0,7698411260794473;1,0;0,0;6,266666666666667;3019,0;3,019;INV_OFFLINE;3,019;0,0;0,0;;;0,0
UFV-003;2025-11-21;113,341;69,08833333333332;2;24;;30,5;3,0;MeteoLocal;25,0;;True;;0,0;0,0;0,0;0,0;0,0;;;1,0;0,0;;;0,0
UFV-003;2025-11-22;111,472;90,67583333333333;0;24;4,63;30,1;0,6;MeteoLocal;25,0;0,9630410367170625;True;0,9630410367170625;0,0;0,0;0,0;0,0;0,0;;;0,0;1,0;30,0;0,0;3143,3110063104696
UFV-003;2025-11-23;112,523;90,84583333333335;0;24;5,96;25,9;4,2;MeteoLocal;25,0;0,7551879194630873;True;0,7551879194630873;0,0;0,0;0,0;0,0;0,0;;;0,0;0,0;;;0,0
UFV-003;2025-11-24;131,947;83,28708333333334;0;24;4,07;23,6;25,0;ThirdPartyWX;25,0;1,2967764127764128;True;;2,0;0,0;16,866666666666667;2729,0;2,729;TEMP_HIGH;1,751;2,0;0,0;;;0,0
UFV-003;2025-11-26;136,52700000000002;94,29124999999999;0;24;5,54;30,7;2,6;INMET;25,0;0,9857545126353792;True;0,9857545126353792;0,0;0,0;0,0;0,0;0,0;;;0,0;1,0;145,0;1,0;4015,7728590434585
UFV-003;2025-11-27;120,19200000000001;76,09541666666667;0;24;5,27;28,3;0,0;ThirdPartyWX;25,0;0,9122732447817837;True;0,9122732447817837;1,0;0,0;0,31666666666666665;1015,0;1,015;SOIL_HIGH;1,015;0,0;1,0;78,0;1,0;2603,317627256298
UFV-003;2025-11-28;138,104;79,4825;0;24;6,29;31,4;2,2;INMET;25,0;0,8782448330683625;True;0,8782448330683625;1,0;0,0;4,216666666666667;1503,0;1,503;TEMP_HIGH;1,503;1,0;0,0;;;0,0
UFV-003;2025-11-29;137,959;72,10916666666667;0;24;6,02;33,7;0,9;INMET;25,0;0,916671096345515;True;0,916671096345515;1,0;0,0;0,0;3272,0;3,272;INV_OFFLINE;3,272;1,0;2,0;58,0;0,0;0,0
UFV-003;2025-12-01;136,623;83,39041666666667;0;24;4,62;25,7;0,0;INMET;25,0;1,1828831168831169;True;1,1828831168831169;2,0;0,0;15,066666666666666;5025,0;5,025;COMM_LOSS;3,266;0,0;1,0;50,0;0,0;264,9015812640623
UFV-003;2025-12-02;133,079;90,74708333333332;1;24;5,26;26,3;0,0;MeteoLocal;25,0;1,0120076045627378;True;1,0120076045627378;2,0;0,0;0,0;2255,0;2,255;STR_LOW;2,255;0,0;0,0;;;0,0
UFV-003;2025-12-03;95,656;79,45125;0;24;4,65;38,1;0,0;MeteoLocal;25,0;0,8228473118279569;True;0,8228473118279569;1,0;0,0;2,25;2072,0;2,072;INV_OFFLINE;2,072;0,0;0,0;;;0,0
UFV-003;2025-12-05;142,228;83,50500000000001;0;24;5,13;25,1;0,0;INMET;25,0;1,108990253411306;True;1,108990253411306;0,0;0,0;0,0;0,0;0,0;;;3,0;0,0;;;0,0
UFV-003;2025-12-07;131,002;87,41208333333333;0;24;;38,3;3,1;ThirdPartyWX;25,0;;True;;2,0;0,0;1,65;2937,0;2,937;INV_OFFLINE;1,559;0,0;0,0;;;0,0
UFV-003;2025-12-09;144,517;87,41791666666666;0;24;5,92;38,3;0,0;INMET;25,0;0,9764662162162162;True;0,9764662162162162;0,0;0,0;0,0;0,0;0,0;;;1,0;0,0;;;0,0
UFV-003;2025-12-12;108,825462;76,13708333333334;0;24;6,58;34,0;3,7;MeteoLocal;25,0;0,6615529604863222;True;0,6615529604863222;1,0;0,0;2,7;983,0;0,983;GRID_EVT;0,983;0,0;0,0;;;0,0
UFV-003;2025-12-14;133,281;79,55208333333333;0;24;4,42;22,0;5,2;ThirdPartyWX;25,0;1,2061628959276018;True;1,2061628959276018;0,0;0,0;0,0;0,0;0,0;;;0,0;0,0;;;0,0
UFV-003;2025-12-16;106,164433;83,015;0;24;4,8;30,5;0,0;ThirdPartyWX;25,0;0,8847036083333334;True;0,8847036083333334;0,0;0,0;0,0;0,0;0,0;;;0,0;0,0;;;0,0
UFV-003;2025-12-18;127,021;72,38791666666667;0;24;5,44;31,3;4,7;ThirdPartyWX;25,0;0,9339779411764706;True;0,9339779411764706;1,0;0,0;0,0;998,0;0,998;STR_LOW;0,998;3,0;0,0;;;0,0
UFV-003;2025-12-19;112,413;91,15333333333332;1;24;6,4;30,0;4,7;ThirdPartyWX;25,0;0,7025812499999999;True;0,7025812499999999;4,0;1,0;4,366666666666666;6102,8;6,1028;COMM_LOSS;3,22;1,0;2,0;40,5;0,0;6915,326152826967
UFV-003;2025-12-20;105,673;79,50875;1;24;5,37;31,4;;INMET;25,0;0,7871359404096835;True;0,7871359404096835;2,0;0,0;0,0;4143,0;4,143;TRACK_ERR;2,422;1,0;2,0;30,5;0,0;2604,27
UFV-003;2025-12-22;132,305;87,11874999999999;0;24;6,1;25,0;0,7;MeteoLocal;25,0;0,8675737704918033;True;0,8675737704918033;2,0;1,0;19,7;3101,7;3,1016999999999997;GRID_EVT;2,982;1,0;1,0;297,0;1,0;3628,7138974923646
UFV-003;2025-12-23;146,81185;90,23166666666667;0;24;4,62;28,8;0,8;INMET;25,0;1,2710982683982683;True;;2,0;0,0;5,633333333333334;7008,0;7,008;SOIL_HIGH;3,869;0,0;1,0;9,0;0,0;6925,884812250558
UFV-003;2025-12-24;150,993174;90,93208333333332;0;24;4,65;29,7;0,0;MeteoLocal;25,0;1,2988660129032257;True;;2,0;0,0;20,766666666666666;5090,0;5,09;TRACK_ERR;2,788;1,0;0,0;;;0,0
UFV-003;2025-12-25;112,129949;83,17875;0;24;6,52;25,8;0,0;INMET;25,0;0,6879137975460122;True;0,6879137975460122;0,0;0,0;0,0;0,0;0,0;;;0,0;1,0;33,0;1,0;133,93811841784236
UFV-003;2025-12-26;178,204;72,66541666666667;0;24;5,63;23,1;0,0;MeteoLocal;25,0;1,2661030195381884;True;;1,0;0,0;0,48333333333333334;3228,0;3,228;GRID_EVT;3,228;1,0;0,0;;;0,0
UFV-003;2025-12-27;103,443;90,39458333333333;0;24;4,96;36,3;0,0;ThirdPartyWX;25,0;0,8342177419354838;True;0,8342177419354838;0,0;0,0;0,0;0,0;0,0;;;0,0;1,0;199,0;1,0;6842,679632932996
UFV-003;2025-12-29;103,013;79,62083333333332;1;24;5,46;30,8;7,7;MeteoLocal;25,0;0,7546739926739927;True;0,7546739926739927;0,0;0,0;0,0;0,0;0,0;;;2,0;2,0;41,5;1,0;9530,893284816648
UFV-004;2025-10-02;34,79;83,60291666666667;1;24;5,09;30,3;4,4;ThirdPartyWX;8,0;0,8543713163064833;True;0,8543713163064833;1,0;0,0;4,05;4213,0;4,213;INV_OFFLINE;4,213;0,0;0,0;;;0,0
UFV-004;2025-10-03;35,185;94,12583333333333;1;24;5,42;24,7;2,4;MeteoLocal;8,0;0,8114621771217713;True;0,8114621771217713;0,0;0,0;0,0;0,0;0,0;;;0,0;0,0;;;0,0
UFV-004;2025-10-04;38,06;94,84291666666667;0;24;5,7;30,9;1,3;INMET;8,0;0,8346491228070175;True;0,8346491228070175;3,0;0,0;4,733333333333333;6767,0;6,767;GRID_EVT;2,77;0,0;0,0;;;0,0
UFV-004;2025-10-05;29,542;79,58875;0;24;6,04;29,9;0,0;ThirdPartyWX;8,0;0,6113824503311258;True;0,6113824503311258;0,0;0,0;0,0;0,0;0,0;;;1,0;0,0;;;0,0
UFV-004;2025-10-08;33,772;87,25916666666666;0;24;5,55;29,8;0,0;MeteoLocal;8,0;0,7606306306306306;True;0,7606306306306306;0,0;0,0;0,0;0,0;0,0;;;0,0;1,0;154,0;1,0;2263,82
UFV-004;2025-10-09;39,090833;64,9675;0;24;4,78;24,3;8,2;ThirdPartyWX;8,0;1,0222498169456067;True;1,0222498169456067;1,0;0,0;0,5833333333333334;893,0;0,893;TEMP_HIGH;0,893;0,0;0,0;;;0,0
UFV-004;2025-10-10;33,202;76,32291666666667;1;24;5,16;27,3;0,0;INMET;8,0;0,8043120155038759;True;0,8043120155038759;0,0;0,0;0,0;0,0;0,0;;;1,0;0,0;;;0,0
UFV-004;2025-10-12;41,577;90,35541666666667;0;24;4,63;27,3;0,0;MeteoLocal;8,0;1,122489200863931;True;1,122489200863931;1,0;0,0;0,0;2893,0;2,893;COMM_LOSS;2,893;0,0;0,0;;;0,0
UFV-004;2025-10-13;43,804;65,23916666666666;1;24;4,96;35,6;0,0;MeteoLocal;8,0;1,1039314516129033;True;1,1039314516129033;1,0;0,0;0,0;2353,0;2,353;TEMP_HIGH;2,353;0,0;1,0;73,0;1,0;4645,586907379877
UFV-004;2025-10-14;38,076444;75,73541666666667;0;24;5,16;27,8;;MeteoLocal;8,0;0,9223944767441861;True;0,9223944767441861;3,0;0,0;31,46666666666667;1910,0;1,91;COMM_LOSS;1,91;0,0;0,0;;;0,0
UFV-004;2025-10-15;25,924;72,26625;1;24;4,57;28,8;2,9;ThirdPartyWX;8,0;0,7090809628008752;True;0,7090809628008752;0,0;0,0;0,0;0,0;0,0;;;0,0;0,0;;;0,0
UFV-004;2025-10-17;31,584;87,25083333333333;0;24;4,78;30,5;0,2;ThirdPartyWX;8,0;0,8259414225941422;True;0,8259414225941422;0,0;0,0;0,0;0,0;0,0;;;0,0;0,0;;;0,0
UFV-004;2025-10-19;38,332;76,19375000000001;1;24;5,67;28,1;2,5;MeteoLocal;8,0;0,8450617283950618;True;0,8450617283950618;1,0;0,0;2,1666666666666665;3629,0;3,629;TEMP_HIGH;3,629;2,0;1,0;8,0;0,0;1179,5248894564802
UFV-004;2025-10-23;28,909000000000002;83,3525;0;24;4,25;24,1;3,8;INMET;8,0;0,850264705882353;True;0,850264705882353;0,0;0,0;0,0;0,0;0,0;;;0,0;0,0;;;0,0
UFV-004;2025-10-26;25,505;79,74125;0;24;4,78;25,7;0,0;MeteoLocal;8,0;0,6669717573221756;True;0,6669717573221756;0,0;0,0;0,0;0,0;0,0;;;0,0;0,0;;;0,0
UFV-004;2025-10-28;41,354;78,91083333333333;0;24;5,02;26,1;5,9;INMET;8,0;1,0297310756972111;True;1,0297310756972111;0,0;0,0;0,0;0,0;0,0;;;0,0;0,0;;;0,0
UFV-004;2025-10-29;41,568;72,04125;1;24;5,46;31,4;0,0;MeteoLocal;8,0;0,9516483516483516;True;0,9516483516483516;1,0;0,0;2,75;1927,0;1,927;SOIL_HIGH;1,927;0,0;0,0;;;0,0
UFV-004;2025-11-03;39,521;87,14875;0;24;5,0;31,9;1,4;INMET;8,0;0,988025;True;0,988025;1,0;1,0;0,0;3742,0;3,742;SOIL_HIGH;3,742;0,0;0,0;;;0,0
UFV-004;2025-11-05;33,870000000000005;83,81583333333333;0;24;;19,0;3,9;MeteoLocal;8,0;;True;;2,0;0,0;0,0;5817,0;5,817;STR_LOW;5,817;2,0;1,0;120,0;1,0;0,0
UFV-004;2025-11-08;36,061961000000004;79,97291666666666;0;24;3,85;30,7;3,7;INMET;8,0;1,1708428896103897;True;1,1708428896103897;0,0;0,0;0,0;0,0;0,0;;;1,0;1,0;102,0;1,0;4804,274091860713
UFV-004;2025-11-09;33,578;83,425;0;24;5,59;33,3;2,6;MeteoLocal;8,0;0,7508497316636852;True;0,7508497316636852;0,0;0,0;0,0;0,0;0,0;;;0,0;1,0;26,0;1,0;7607,580922620829
UFV-004;2025-11-10;33,39;83,96833333333333;0;24;3,7;36,4;;INMET;8,0;1,1280405405405405;True;1,1280405405405405;0,0;0,0;0,0;0,0;0,0;;;0,0;0,0;;;0,0
UFV-004;2025-11-13;43,022999999999996;83,27458333333333;0;24;;29,3;0,7;INMET;8,0;;True;;1,0;0,0;0,0;2975,0;2,975;GRID_EVT;2,975;0,0;0,0;;;0,0
UFV-004;2025-11-14;36,728;86,97583333333334;0;24;6,45;28,9;11,8;MeteoLocal;8,0;0,7117829457364341;True;0,7117829457364341;1,0;0,0;7,116666666666666;2264,0;2,264;GRID_EVT;2,264;0,0;1,0;220,0;1,0;7438,206523443141
UFV-004;2025-11-15;35,326732;76,28125;0;24;4,78;27,4;0,0;ThirdPartyWX;8,0;0,9238162133891212;True;0,9238162133891212;0,0;0,0;0,0;0,0;0,0;;;0,0;0,0;;;0,0
UFV-004;2025-11-16;38,108;83,38875;0;24;6,45;25,4;0,8;MeteoLocal;8,0;0,7385271317829457;True;0,7385271317829457;2,0;0,0;5,633333333333334;3122,0;3,122;INV_OFFLINE;3,122;1,0;0,0;;;0,0
UFV-004;2025-11-17;28,725;83,1275;0;24;4,53;25,0;1,8;INMET;8,0;0,7926324503311258;True;0,7926324503311258;1,0;0,0;5,333333333333333;2042,0;2,042;STR_LOW;2,042;2,0;0,0;;;0,0
UFV-004;2025-11-18;43,288571;86,94041666666668;1;24;5,14;25,2;4,1;ThirdPartyWX;8,0;1,0527376215953308;True;1,0527376215953308;0,0;0,0;0,0;0,0;0,0;;;1,0;0,0;;;0,0
UFV-004;2025-11-21;41,155;87,14999999999999;0;24;4,08;37,7;1,9;ThirdPartyWX;8,0;1,2608762254901962;True;;1,0;0,0;4,2;2089,0;2,089;SOIL_HIGH;2,089;1,0;0,0;;;0,0
UFV-004;2025-11-22;39,375;90,32958333333333;0;24;5,02;21,4;3,4;INMET;8,0;0,9804531872509961;True;0,9804531872509961;1,0;0,0;0,0;1707,0;1,707;TRACK_ERR;1,707;0,0;0,0;;;0,0
UFV-004;2025-11-23;37,623012;64,73625;0;24;5,18;25,1;0,0;ThirdPartyWX;8,0;0,9078912162162164;True;0,9078912162162164;0,0;0,0;0,0;0,0;0,0;;;0,0;0,0;;;0,0
UFV-004;2025-11-24;38,058;79,70375;0;24;4,02;26,3;11,8;MeteoLocal;8,0;1,18339552238806;True;1,18339552238806;3,0;0,0;7,483333333333333;1018,0;1,018;TRACK_ERR;1,018;0,0;1,0;177,0;1,0;0,0
UFV-004;2025-11-25;40,602;72,87958333333333;0;24;4,79;25,1;9,9;MeteoLocal;8,0;1,0595511482254696;True;1,0595511482254696;0,0;0,0;0,0;0,0;0,0;;;0,0;0,0;;;0,0
UFV-004;2025-11-28;35,887;83,72541666666667;0;24;6,61;30,5;1,9;MeteoLocal;8,0;0,6786497730711044;True;0,6786497730711044;0,0;0,0;0,0;0,0;0,0;;;0,0;0,0;;;0,0
UFV-004;2025-11-29;38,765;90,43708333333332;0;24;6,76;26,3;0,0;INMET;8,0;0,7168084319526628;True;0,7168084319526628;1,0;0,0;1,5166666666666666;3301,0;3,301;TRACK_ERR;3,301;1,0;0,0;;;0,0
UFV-004;2025-11-30;39,421122;75,91458333333334;0;24;6,33;35,6;0,0;INMET;8,0;0,7784581753554501;True;0,7784581753554501;0,0;0,0;0,0;0,0;0,0;;;0,0;0,0;;;0,0
UFV-004;2025-12-02;37,983049;72,07375;0;24;4,62;35,5;1,2;INMET;8,0;1,0276798971861472;True;1,0276798971861472;1,0;0,0;0,0;1645,0;1,645;COMM_LOSS;1,645;2,0;0,0;;;0,0
UFV-004;2025-12-03;42,413;83,11208333333333;1;24;4,71;23,3;1,3;INMET;8,0;1,1256104033970276;True;1,1256104033970276;1,0;0,0;0,7833333333333333;1794,0;1,794;STR_LOW;1,794;1,0;1,0;52,0;1,0;2796,963884014549
UFV-004;2025-12-05;34,103;76,39958333333333;0;24;5,13;29,8;5,3;MeteoLocal;8,0;0,8309697855750487;True;0,8309697855750487;2,0;0,0;0,85;2584,0;2,584;SOIL_HIGH;2,584;1,0;3,0;39,333333333333336;0,0;17608,79292783772
UFV-004;2025-12-06;41,818;87,21541666666667;0;24;5,71;28,6;6,1;ThirdPartyWX;8,0;0,9154553415061295;True;0,9154553415061295;1,0;0,0;0,0;807,0;0,807;GRID_EVT;0,807;0,0;1,0;98,0;1,0;5685,268303502493
UFV-004;2025-12-07;40,047795;64,83833333333332;2;24;;20,3;4,5;MeteoLocal;8,0;;True;;0,0;0,0;0,0;0,0;0,0;;;0,0;0,0;;;0,0
UFV-004;2025-12-08;38,074999999999996;68,2175;1;24;5,54;23,8;;ThirdPartyWX;8,0;0,8590929602888085;True;0,8590929602888085;1,0;0,0;1,5;173,0;0,173;STR_LOW;0,173;0,0;0,0;;;0,0
UFV-004;2025-12-10;37,851;87,26041666666667;1;24;3,28;28,0;;MeteoLocal;8,0;1,4424923780487806;True;;0,0;0,0;0,0;0,0;0,0;;;0,0;0,0;;;0,0
UFV-004;2025-12-11;43,174;86,92791666666666;0;24;2,96;23,3;2,5;ThirdPartyWX;8,0;1,8232263513513514;True;;2,0;0,0;11,866666666666667;4856,0;4,856;TRACK_ERR;2,471;0,0;0,0;;;0,0
UFV-004;2025-12-13;42,775;80,05541666666666;0;24;5,67;21,2;11,5;INMET;8,0;0,9430114638447972;True;0,9430114638447972;1,0;0,0;0,0;2760,0;2,76;TEMP_HIGH;2,76;1,0;0,0;;;0,0
UFV-004;2025-12-15;43,079;72,76916666666666;0;24;4,35;21,3;0,0;ThirdPartyWX;8,0;1,2379022988505748;True;1,2379022988505748;1,0;0,0;0,0;1815,0;1,815;INV_OFFLINE;1,815;0,0;0,0;;;0,0
UFV-004;2025-12-16;40,154;79,03708333333333;1;24;4,55;24,3;0,0;INMET;8,0;1,1031318681318683;True;1,1031318681318683;0,0;0,0;0,0;0,0;0,0;;;0,0;0,0;;;0,0
UFV-004;2025-12-17;26,093;83,53583333333334;0;24;5,2;27,3;10,4;INMET;8,0;0,6272355769230769;True;0,6272355769230769;0,0;0,0;0,0;0,0;0,0;;;0,0;0,0;;;0,0
UFV-004;2025-12-18;53,22;94,90625;2;24;5,43;27,1;4,4;INMET;8,0;1,2251381215469614;True;1,2251381215469614;0,0;0,0;0,0;0,0;0,0;;;1,0;0,0;;;0,0
UFV-004;2025-12-19;35,953;72,02416666666666;0;24;4,45;35,6;0,3;MeteoLocal;8,0;1,0099157303370787;True;1,0099157303370787;2,0;0,0;4,616666666666666;6395,0;6,395;TEMP_HIGH;4,717;1,0;0,0;;;0,0
UFV-004;2025-12-20;38,242;75,91208333333333;0;24;4,39;19,1;3,9;INMET;8,0;1,0888952164009111;True;1,0888952164009111;1,0;0,0;1,0833333333333333;3380,0;3,38;SOIL_HIGH;3,38;0,0;0,0;;;0,0
UFV-004;2025-12-21;47,875;87,70666666666666;0;24;5,94;35,9;6,3;INMET;8,0;1,0074705387205387;True;1,0074705387205387;0,0;0,0;0,0;0,0;0,0;;;0,0;1,0;49,0;1,0;4496,043617960011
UFV-004;2025-12-23;36,446;61,2925;0;24;6,1;29,0;0,9;MeteoLocal;8,0;0,7468442622950819;True;0,7468442622950819;1,0;0,0;0,0;2370,0;2,37;INV_OFFLINE;2,37;1,0;0,0;;;0,0
UFV-004;2025-12-26;45,95;90,42791666666666;0;24;5,02;26,2;0,0;MeteoLocal;8,0;1,1441733067729085;True;1,1441733067729085;0,0;0,0;0,0;0,0;0,0;;;0,0;2,0;30,5;0,5;12144,12625520442
UFV-004;2025-12-27;35,241;84,37583333333333;1;24;4,89;28,9;0,0;MeteoLocal;8,0;0,9008435582822086;True;0,9008435582822086;1,0;0,0;5,75;0,0;0,0;;;0,0;0,0;;;0,0
UFV-004;2025-12-28;39,903;72,24625;0;24;3,71;31,5;1,2;MeteoLocal;8,0;1,3444407008086252;True;;1,0;0,0;0,0;0,0;0,0;;;1,0;0,0;;;0,0
UFV-005;2025-10-03;196,994;75,7975;0;24;5,31;35,3;2,3;INMET;40,0;0,927467043314501;True;0,927467043314501;4,0;0,0;13,45;7230,0;7,23;TEMP_HIGH;3,658;1,0;1,0;57,0;1,0;0,0
UFV-005;2025-10-04;186,064;90,24416666666667;1;24;4,55;29,2;6,3;MeteoLocal;40,0;1,0223296703296703;True;1,0223296703296703;0,0;0,0;0,0;0,0;0,0;;;1,0;0,0;;;0,0
UFV-005;2025-10-06;202,801;87,315;2;24;4,62;27,3;1,5;MeteoLocal;40,0;1,0974080086580085;True;1,0974080086580085;1,0;0,0;0,38333333333333336;47,0;0,047;TEMP_HIGH;0,047;0,0;0,0;;;0,0
UFV-005;2025-10-08;159,098;87,03500000000001;0;24;4,75;17,3;2,1;MeteoLocal;40,0;0,8373578947368422;True;0,8373578947368422;1,0;0,0;0,0;3259,0;3,259;STR_LOW;3,259;0,0;1,0;27,0;0,0;0,0
UFV-005;2025-10-09;213,645;87,51416666666667;1;24;5,76;25,8;0,0;ThirdPartyWX;40,0;0,9272786458333334;True;0,9272786458333334;0,0;0,0;0,0;0,0;0,0;;;0,0;1,0;123,0;1,0;2085,0348457414884
UFV-005;2025-10-10;144,451;79,4575;0;24;2,82;25,7;0,0;ThirdPartyWX;40,0;1,2805939716312056;True;;0,0;0,0;0,0;0,0;0,0;;;1,0;0,0;;;0,0
UFV-005;2025-10-11;155,599343;57,52875;0;24;4,9;28,9;;INMET;40,0;0,7938741989795919;True;0,7938741989795919;3,0;0,0;0,9166666666666666;8805,0;8,805;STR_LOW;6,096;0,0;1,0;29,0;1,0;1679,3403243784892
UFV-005;2025-10-14;147,585;76,16;0;24;6,72;31,2;2,1;MeteoLocal;40,0;0,5490513392857143;True;0,5490513392857143;1,0;0,0;0,0;1143,0;1,143;GRID_EVT;1,143;1,0;0,0;;;0,0
UFV-005;2025-10-15;188,284;87,33416666666666;0;24;5,1;34,6;0,0;INMET;40,0;0,9229607843137254;True;0,9229607843137254;1,0;0,0;2,1666666666666665;2368,0;2,368;COMM_LOSS;2,368;1,0;0,0;;;0,0
UFV-005;2025-10-16;152,304;79,56333333333333;0;24;5,54;27,5;0,0;ThirdPartyWX;40,0;0,6872924187725632;True;0,6872924187725632;2,0;0,0;15,766666666666667;3297,0;3,297;STR_LOW;3,297;0,0;0,0;;;0,0
UFV-005;2025-10-17;208,747;79,65124999999999;0;24;3,52;30,7;0,0;ThirdPartyWX;40,0;1,482578125;True;;0,0;0,0;0,0;0,0;0,0;;;1,0;0,0;;;0,0
UFV-005;2025-10-19;167,828;79,60833333333333;1;24;7,31;24,6;4,5;INMET;40,0;0,5739671682626539;True;0,5739671682626539;0,0;0,0;0,0;0,0;0,0;;;1,0;2,0;80,5;0,5;11932,647769491236
UFV-005;2025-10-24;199,63400000000001;72,59291666666667;0;24;3,18;29,3;0,0;INMET;40,0;1,5694496855345912;True;;1,0;0,0;0,0;1467,0;1,467;STR_LOW;1,467;0,0;2,0;103,0;0,5;5758,277805812815
UFV-005;2025-10-26;207,207;78,99958333333333;2;24;5,44;33,0;4,9;INMET;40,0;0,9522380514705882;True;0,9522380514705882;0,0;0,0;0,0;0,0;0,0;;;1,0;1,0;28,0;0,0;0,0
UFV-005;2025-10-28;125,33999999999999;68,68708333333333;0;24;;33,4;0,0;INMET;40,0;;True;;2,0;0,0;0,25;664,0;0,664;COMM_LOSS;0,664;0,0;1,0;75,0;0,0;0,0
UFV-005;2025-10-29;170,809;76,10666666666667;0;24;6,01;23,2;3,4;ThirdPartyWX;40,0;0,7105199667221298;True;0,7105199667221298;0,0;0,0;0,0;0,0;0,0;;;0,0;0,0;;;0,0
UFV-005;2025-10-30;177,104605;94,35166666666667;1;24;5,51;24,4;0,0;MeteoLocal;40,0;0,8035599137931035;True;0,8035599137931035;1,0;0,0;0,0;2875,0;2,875;TRACK_ERR;2,875;1,0;0,0;;;0,0
UFV-005;2025-11-03;144,389783;87,09916666666668;1;24;4,24;29,4;0,0;MeteoLocal;40,0;0,8513548525943395;True;0,8513548525943395;1,0;0,0;2,3333333333333335;1250,0;1,25;TEMP_HIGH;1,25;1,0;0,0;;;0,0
UFV-005;2025-11-04;180,369;69,1425;0;24;5,42;27,4;4,5;INMET;40,0;0,831960332103321;True;0,831960332103321;1,0;0,0;11,5;1102,0;1,102;TEMP_HIGH;1,102;0,0;1,0;124,0;1,0;0,0
UFV-005;2025-11-05;190,352;72,16666666666667;1;24;3,57;34,9;0,1;INMET;40,0;1,332997198879552;True;;2,0;0,0;18,4;2914,0;2,914;SOIL_HIGH;2,043;3,0;2,0;8,0;0,0;1215,743275759344
UFV-005;2025-11-06;183,988;83,61125;0;24;;28,2;2,1;MeteoLocal;40,0;;True;;3,0;0,0;21,9;7683,0;7,683;SOIL_HIGH;3,977;1,0;1,0;9,0;0,0;4623,220671617822
UFV-005;2025-11-07;119,328;72,79375;0;24;6,75;23,9;0,0;ThirdPartyWX;40,0;0,44195555555555555;True;0,44195555555555555;3,0;0,0;11,916666666666666;3101,0;3,101;TRACK_ERR;2,179;0,0;0,0;;;0,0
UFV-005;2025-11-08;176,911;75,84291666666667;0;24;;29,6;3,7;MeteoLocal;40,0;;True;;1,0;0,0;0,0;3524,0;3,524;TRACK_ERR;3,524;1,0;0,0;;;0,0
UFV-005;2025-11-09;207,176;91,11208333333333;0;24;5,65;26,9;0,0;ThirdPartyWX;40,0;0,9167079646017698;True;0,9167079646017698;2,0;0,0;0,0;3478,0;3,478;TEMP_HIGH;3,478;0,0;1,0;149,0;1,0;1963,161639496632
UFV-005;2025-11-10;194,092;68,75125;1;24;6,82;34,3;0,3;INMET;40,0;0,7114809384164223;True;0,7114809384164223;1,0;0,0;1,5666666666666667;2592,0;2,592;TRACK_ERR;2,592;4,0;0,0;;;0,0
UFV-005;2025-11-11;190,578;90,79124999999999;0;24;5,2;24,8;3,1;INMET;40,0;0,9162403846153846;True;0,9162403846153846;1,0;0,0;4,65;2379,0;2,379;SOIL_HIGH;2,379;0,0;0,0;;;0,0
UFV-005;2025-11-13;179,305;87,45916666666666;0;24;5,56;26,6;3,8;INMET;40,0;0,8062275179856117;True;0,8062275179856117;3,0;0,0;0,0;5322,0;5,322;TRACK_ERR;3,181;1,0;0,0;;;0,0
UFV-005;2025-11-14;193,481;76,63333333333334;0;24;5,69;30,0;7,1;MeteoLocal;40,0;0,850092267135325;True;0,850092267135325;1,0;0,0;0,0;2394,0;2,394;TEMP_HIGH;2,394;1,0;1,0;4,0;0,0;1315,3778227437786
UFV-005;2025-11-16;215,604;83,47416666666668;0;24;3,64;23,3;1,7;ThirdPartyWX;40,0;1,4807967032967035;True;;0,0;0,0;0,0;0,0;0,0;;;1,0;0,0;;;0,0
UFV-005;2025-11-17;187,8213;97,89208333333333;0;24;6,38;34,1;;INMET;40,0;0,735976880877743;True;0,735976880877743;2,0;0,0;0,0;1470,0;1,47;TRACK_ERR;1,47;0,0;1,0;49,0;1,0;3200,32
UFV-005;2025-11-18;207,357;68,64;0;24;5,32;16,9;0,0;MeteoLocal;40,0;0,974421992481203;True;0,974421992481203;2,0;0,0;3,716666666666667;3791,0;3,791;COMM_LOSS;1,897;0,0;0,0;;;0,0
UFV-005;2025-11-19;214,095981;90,5775;1;24;5,22;33,8;1,4;MeteoLocal;40,0;1,025363893678161;True;1,025363893678161;3,0;0,0;1,7666666666666666;1688,2;1,6882000000000001;TRACK_ERR;1,577;0,0;0,0;;;0,0
UFV-005;2025-11-20;200,459;68,3975;0;24;6,22;32,7;0,7;MeteoLocal;40,0;0,8057033762057878;True;0,8057033762057878;1,0;0,0;0,65;1002,0;1,002;GRID_EVT;1,002;0,0;1,0;174,0;1,0;2256,824876063727
UFV-005;2025-11-21;189,987;90,58875;0;24;4,86;21,7;2,0;MeteoLocal;40,0;0,9772993827160493;True;0,9772993827160493;1,0;0,0;8,883333333333333;0,0;0,0;;;0,0;1,0;127,0;1,0;0,0
UFV-005;2025-11-22;180,444;83,21333333333332;0;24;4,91;28,4;5,8;INMET;40,0;0,9187576374745416;True;0,9187576374745416;1,0;0,0;0,0;2684,0;2,684;COMM_LOSS;2,684;0,0;0,0;;;0,0
UFV-005;2025-11-24;184,047486;86,86416666666666;1;24;4,19;18,4;1,8;ThirdPartyWX;40,0;1,0981353579952264;True;1,0981353579952264;0,0;0,0;0,0;0,0;0,0;;;0,0;0,0;;;0,0
UFV-005;2025-11-26;203,494;83,27708333333334;0;24;6,3;24,8;0,6;MeteoLocal;40,0;0,807515873015873;True;0,807515873015873;2,0;0,0;4,9;3807,0;3,807;STR_LOW;3,807;1,0;1,0;82,0;1,0;973,3435559334775
UFV-005;2025-11-28;208,902;65,33916666666667;0;24;3,77;23,3;2,8;INMET;40,0;1,3852917771883286;True;;2,0;0,0;0,0;3977,0;3,977;STR_LOW;2,522;1,0;0,0;;;0,0
UFV-005;2025-11-29;220,328;98,31458333333335;2;24;5,05;22,6;5,8;ThirdPartyWX;40,0;1,0907326732673268;True;1,0907326732673268;1,0;0,0;1,2166666666666666;0,0;0,0;;;0,0;0,0;;;0,0
UFV-005;2025-12-02;219,328914;83,50166666666667;0;24;4,33;27,1;0,0;ThirdPartyWX;40,0;1,266333221709007;True;;2,0;0,0;0,0;2210,0;2,21;COMM_LOSS;2,21;1,0;1,0;10,0;0,0;0,0
UFV-005;2025-12-03;165,473459;83,33166666666666;0;24;5,74;27,4;4,7;INMET;40,0;0,7207032186411149;True;0,7207032186411149;3,0;0,0;0,25;5011,0;5,011;TRACK_ERR;2,355;0,0;0,0;;;0,0
UFV-005;2025-12-04;222,903;79,62791666666666;0;24;5,59;25,5;0,8;ThirdPartyWX;40,0;0,9968828264758497;True;0,9968828264758497;2,0;0,0;8,533333333333333;848,0;0,848;TEMP_HIGH;0,532;1,0;2,0;104,0;0,5;5069,260072506183
UFV-005;2025-12-05;199,9;79,58125;0;24;5,54;26,2;0,7;MeteoLocal;40,0;0,9020758122743683;True;0,9020758122743683;2,0;0,0;0,0;4818,0;4,818;TEMP_HIGH;4,818;2,0;1,0;177,0;1,0;8019,354524877261
UFV-005;2025-12-10;203,651;68,60083333333334;0;24;6,09;31,2;0,6;ThirdPartyWX;40,0;0,8360057471264368;True;0,8360057471264368;1,0;0,0;4,9;2471,0;2,471;INV_OFFLINE;2,471;2,0;1,0;50,0;0,0;2132,228806606516
UFV-005;2025-12-12;197,46699999999998;68,96916666666667;0;24;5,78;35,4;0,3;ThirdPartyWX;40,0;0,8540960207612456;True;0,8540960207612456;2,0;0,0;7,366666666666666;374,0;0,374;SOIL_HIGH;0,374;2,0;4,0;76,25;0,5;15017,481922381057
UFV-005;2025-12-14;212,933886;72,49458333333332;0;24;4,34;34,1;3,7;MeteoLocal;40,0;1,2265776843317973;True;1,2265776843317973;1,0;0,0;0,0;1161,0;1,161;TEMP_HIGH;1,161;0,0;0,0;;;0,0
UFV-005;2025-12-16;213,761;76,14541666666666;0;24;8,0;26,1;0,0;INMET;40,0;0,668003125;True;0,668003125;2,0;0,0;0,0;1705,0;1,705;COMM_LOSS;1,705;2,0;0,0;;;0,0
UFV-005;2025-12-19;222,911;90,77541666666667;0;24;6,34;28,8;2,1;ThirdPartyWX;40,0;0,878986593059937;True;0,878986593059937;1,0;0,0;4,466666666666667;0,0;0,0;;;2,0;1,0;1,0;0,0;1990,5765452659068
UFV-005;2025-12-22;221,685;72,56208333333333;1;24;4,63;19,5;0,1;ThirdPartyWX;40,0;1,1970032397408208;True;1,1970032397408208;0,0;0,0;0,0;0,0;0,0;;;1,0;0,0;;;0,0
UFV-005;2025-12-24;195,132;83,25375;0;24;5,89;23,6;0,0;MeteoLocal;40,0;0,8282342954159593;True;0,8282342954159593;2,0;0,0;1,1666666666666667;2040,0;2,04;TEMP_HIGH;2,04;2,0;1,0;5,0;0,0;5015,43516535041
UFV-005;2025-12-25;152,753;76,3025;0;24;6,89;28,5;0,1;MeteoLocal;40,0;0,554256168359942;True;0,554256168359942;0,0;0,0;0,0;0,0;0,0;;;1,0;0,0;;;0,0
UFV-005;2025-12-26;248,348;79,66916666666667;0;24;4,77;26,6;3,9;MeteoLocal;40,0;1,3016142557651993;True;;1,0;0,0;0,0;1452,0;1,452;TEMP_HIGH;1,452;1,0;1,0;3,0;0,0;0,0
UFV-005;2025-12-27;190,434;87,56958333333334;0;24;4,74;33,6;0,0;MeteoLocal;40,0;1,0043987341772151;True;1,0043987341772151;2,0;0,0;0,0;3015,0;3,015;SOIL_HIGH;3,015;1,0;0,0;;;0,0
UFV-005;2025-12-28;167,397;79,75916666666667;0;24;3,92;36,9;10,0;ThirdPartyWX;40,0;1,067582908163265;True;1,067582908163265;0,0;0,0;0,0;0,0;0,0;;;1,0;0,0;;;0,0
UFV-005;2025-12-29;211,85;72,69958333333334;0;24;3,08;29,7;0,0;ThirdPartyWX;40,0;1,7195616883116882;True;;3,0;0,0;0,0;5551,0;5,551;TEMP_HIGH;2,791;0,0;1,0;175,0;1,0;4634,337338464371
